time,Maize,Wholecrop,Chicken Litter,Lactose,Apple Pomace,Rice bran,Crimped Wheat,Grass,Corn Gluten/Rapemeal,Potatoes,FYM,Fodder Beet,q_ad,T
1,0.305324269,0.154304484,0.117103353,0.231456726,0.030555343,0.082117485,0,0,0,0.079138339,0,0,130.91,316.2
2,0.245976727,0.105595444,0.098167863,0.185070562,0.076504085,0.100272345,0,0,0,0.188412974,0,0,161.56,316.15
3,0.328019026,0.156962917,0.130362019,0,0.099973575,0.100590152,0,0,0,0.18409231,0,0,113.53,316
4,0.360465116,0.155315615,0.144518272,0,0.093576966,0.106035437,0,0,0,0.140088594,0,0,108.36,316
5,0.26112016,0.11345696,0.100238065,0.166771081,0.076870066,0.094537025,0,0,0,0.187006641,0,0,159.62,315.8
6,0.201134931,0.091998166,0.086323513,0.332798349,0.068840995,0.07623524,0,0,0,0.142668807,0,0,174.46,315.55
7,0.249404131,0.119438559,0.099708686,0.173596398,0.082494703,0.074020127,0,0,0,0.201337394,0,0,151.04,315.65
8,0.246629076,0.110137289,0.098430988,0.185216965,0.076979652,0.097389066,0,0,0,0.185216965,0,0,163.16,315.45
9,0.283464044,0.116775223,0.105410076,0.175461917,0.082413931,0.101887545,0,0,0,0.134587266,0,0,150.46,315.3
10,0.381248578,0.137298035,0.110217705,0,0.086702571,0.090798756,0,0,0,0.193734355,0,0,131.83,315.45
11,0.391207473,0.222384095,0.127945839,0,0.140629017,0.117833576,0,0,0,0,0,0,116.69,315.55
12,0.324566455,0.158507711,0.097203558,0.188007935,0.134510783,0.097203558,0,0,0,0,0,0,156.27,315.9
13,0.32037063,0.128667696,0.110065983,0.205250597,0.088796855,0.106486031,0,0.040362207,0,0,0,0,142.46,315.65
14,0.282601128,0.132005848,0.107289563,0.208313027,0.089396366,0.108960524,0,0.035159786,0,0.036273759,0,0,143.63,315.7
15,0.263116731,0.117447696,0.101414326,0.169458385,0.078341915,0.097568924,0,0.136609529,0,0.036042495,0,0,153.43,315.7
16,0.241258952,0.11572486,0.125473912,0.177890113,0.09761088,0.089125594,0,0.121682614,0,0.031233075,0,0,166.17,315.6
17,0.247345106,0.09672917,0.11754354,0.182292615,0.099763335,0.097214637,0,0.128952,0,0.030159597,0,0,164.79,315.5
18,0.295002211,0.140350877,0.156936459,0,0.118089341,0.116320212,0,0.148901666,0,0.024399233,0,0,135.66,315.4
19,0.27823611,0.121997518,0.161641235,0,0.132510769,0.108636928,0,0.19697744,0,0,0,0,136.97,315.7
20,0.296219728,0.142277023,0.158520378,0,0.121086828,0.124113999,0,0.157782044,0,0,0,0,135.44,314
21,0.232724086,0.118615423,0.127628943,0.184276415,0.10409364,0.097583876,0,0.135077616,0,0,0,0,159.76,314.7
22,0.250809575,0.125214299,0.115626389,0.190869262,0.105022541,0.081401994,0,0.13105594,0,0,0,0,157.49,314.65
23,0.227389774,0.091229177,0.121656419,0.315518419,0.074149982,0.038257397,0,0.104839981,0,0.026958852,0,0,190.29,315.15
24,0.253409233,0.121105968,0.186225447,0.16064056,0.109220568,0.007506568,0,0.129238083,0,0.032653572,0,0,159.86,315.15
25,0.324262694,0.144344786,0.228716935,0,0.124961995,0,0,0.141760413,0,0.035953177,0,0,131.56,315.1
26,0.209828711,0.103690865,0.15752447,0.306484502,0.085950245,0,0,0.109043638,0,0.027477569,0,0,196.16,315.25
27,0.185301916,0.118114963,0.172845065,0.300665366,0.094351894,0,0,0.100405223,0,0.028315574,0,0,199.89,315.15
28,0.272275117,0.138198096,0.212945858,0.207474776,0.122353276,0,0,0.021244849,0,0.025508029,0,0,140.74,315
29,0.227557527,0.120598836,0.167064042,0.336013307,0.136955919,0,0,0,0,0.011810369,0,0,180.35,315.5
30,0.238343813,0.127298612,0.1799739,0.311662119,0.142721557,0,0,0,0,0,0,0,168.58,315.25
31,0.347476287,0.181233062,0.258384146,0,0.212906504,0,0,0,0,0,0,0,118.08,315.2
32,0.340596428,0.192685636,0.253353841,0,0.213364095,0,0,0,0,0,0,0,117.03,315.25
33,0.194770246,0.107387662,0.152576796,0.415333841,0.129931455,0,0,0,0,0,0,0,196.95,315.3
34,0.272824133,0.143903576,0.208497037,0.20257042,0.172204835,0,0,0,0,0,0,0,150.17,315.2
35,0.194851392,0.113456588,0.139761292,0.402901942,0.149028785,0,0,0,0,0,0,0,213.65,315.35
36,0.188828679,0.110045852,0.14413413,0.398314112,0.158677227,0,0,0,0,0,0,0,215.91,315.35
37,0.2008756,0.107354106,0.141726049,0.397838946,0.1522053,0,0,0,0,0,0,0,214.71,315.3
38,0.319430072,0.184112075,0.239751652,0,0.256706201,0,0,0,0,0,0,0,125.63,315.35
39,0.320006371,0.183657216,0.242433896,0,0.253902517,0,0,0,0,0,0,0,125.56,315.25
40,0.180427579,0.114248105,0.161045799,0.400072625,0.144205892,0,0,0,0,0,0,0,220.31,315.3
41,0.216240538,0.112752104,0.184955799,0.314753057,0.171298502,0,0,0,0,0,0,0,188.91,315.35
42,0.189417939,0.104638517,0.141188709,0.412785474,0.15196936,0,0,0,0,0,0,0,211.49,315.3
43,0.185054386,0.15397655,0.12070914,0.412063851,0.128196073,0,0,0,0,0,0,0,141.58,315.35
44,0.195321978,0.108264182,0.116416752,0.415392828,0.152763624,0,0,0,0,0.011840637,0,0,206.07,315.25
45,0.340107544,0.173098213,0.238810691,0,0.205677685,0,0,0,0,0.042305867,0,0,126.46,315.2
46,0.324577414,0.174430601,0.242203,0,0.219030236,0,0,0,0,0.039758749,0,0,126.01,315.2
47,0.182518694,0.099124567,0.138975014,0.410359292,0.145951122,0,0,0,0,0.023071311,0,0,219.32,314.95
48,0.271972689,0.144320236,0.11941897,0.199745632,0.217417498,0.013454716,0,0,0,0.033670259,0,0,149.39,315.05
49,0.2087712,0.11263136,0.157996046,0.312974716,0.168504838,0.011705338,0,0,0,0.027416502,0,0,192.22,314.9
50,0.197431151,0.120421785,0.145212855,0.317684671,0.180212014,0.012507712,0,0,0,0.026529811,0,0,178.29,314.8
51,0.182744016,0.105172988,0.145100652,0.391852663,0.141341075,0.010184172,0,0,0,0.023604435,0,0,210.13,314.95
52,0.300116805,0.159658344,0.221346182,0,0.234924807,0.037231713,0,0,0,0.046722149,0,0,136.98,314.85
53,0.300273117,0.172688256,0.240967616,0,0.215996879,0.036285603,0,0,0,0.033788529,0,0,128.15,314.9
54,0.208948145,0.116726391,0.159517285,0.314713322,0.170267707,0.01248946,0,0,0,0.01733769,0,0,189.76,314.8
55,0.312938973,0.17535508,0.240206025,0,0.252614328,0.018885594,0,0,0,0,0,0,128.14,315.3
56,0.184723481,0.101903898,0.138576609,0.408250227,0.147144152,0.019401632,0,0,0,0,0,0,220.6,315.2
57,0.19506446,0.103713681,0.146526842,0.380026939,0.154223591,0.020444487,0,0,0,0,0,0,207.88,314.8
58,0.212033173,0.11536633,0.160847288,0.319687285,0.170725265,0.021340658,0,0,0,0,0,0,189.31,314.7
59,0.257690871,0.136442895,0.191431062,0.184331797,0.20338772,0.026715656,0,0,0,0,0,0,160.58,314.8
60,0.306341538,0.167778545,0.238708688,0,0.252204586,0.034966644,0,0,0,0,0,0,130.41,314.8
61,0.305313788,0.162696595,0.245075584,0,0.251412429,0.035501603,0,0,0,0,0,0,130.98,314.95
62,0.169081667,0.109838947,0.143047176,0.403059528,0.150981044,0.023991639,0,0,0,0,0,0,210.49,314.3
63,0.177233795,0.072373423,0.151690234,0.418731945,0.158430896,0.021539709,0,0,0,0,0,0,197.31,314.3
64,0.102791689,0.109783309,0.114097288,0.448653741,0.224673972,0,0,0,0,0,0,0,201.67,314.2
65,0.131886052,0.112266218,0.143606992,0.429394078,0.170819956,0.012026703,0,0,0,0,0,0,196.23,314.35
66,0.285671055,0.185882887,0.222272658,0,0.289302466,0.016870934,0,0,0,0,0,0,132.18,314.3
67,0.154309252,0.23376109,0.181558935,0,0.409854246,0.020516477,0,0,0,0,0,0,126.24,314.4
68,0.068417449,0.106709703,0.125635759,0.440140845,0.245500782,0.013595462,0,0,0,0,0,0,204.48,314.4
69,0.113105362,0.121967595,0.134634321,0.403007788,0.215916212,0.011368723,0,0,0,0,0,0,223.42,314.4
70,0.086562628,0.13636098,0.05891636,0.52825998,0.176339938,0.013560115,0,0,0,0,0,0,171.09,314.5
71,0.058003515,0.164494818,0.049639372,0.538093218,0.175889448,0.013879629,0,0,0,0,0,0,164.99,314.4
72,0.116005334,0.125982804,0.140742103,0.382822199,0.22345855,0.010989011,0,0,0,0,0,0,217.49,314.45
73,0.187192118,0.199617675,0.23035071,0,0.36453202,0.018307477,0,0,0,0,0,0,136.01,314.5
74,0.191197421,0.203868936,0.226962585,0,0.360200945,0.017770113,0,0,0,0,0,0,133.37,314.5
75,0.114355451,0.122807811,0.137045742,0.398662086,0.217817754,0.009311155,0,0,0,0,0,0,221.24,314.45
76,0.137446133,0.124200499,0.136584259,0.374597414,0.215921978,0.011249716,0,0,0,0,0,0,220.45,314.5
77,0.135394737,0.116052632,0.13245614,0.394561404,0.211754386,0.009780702,0,0,0,0,0,0,228,314.6
78,0.138020833,0.106542398,0.137838085,0.402503655,0.203855994,0.011239035,0,0,0,0,0,0,218.88,314.35
79,0.134781825,0.123287054,0.136449693,0.406599351,0.188243779,0.010638298,0,0,0,0,0,0,221.84,314.5
80,0.216224018,0.199408199,0.218172633,0,0.350894919,0.015300231,0,0,0,0,0,0,138.56,314.4
81,0.221635693,0.19712199,0.217586232,0,0.348325982,0.015330103,0,0,0,0,0,0,138.29,314.3
82,0.131924038,0.118503574,0.134380071,0.390947765,0.213937985,0.010306566,0,0,0,0,0,0,228.01,314.2
83,0.134131683,0.121043494,0.13382006,0.386769354,0.214085385,0.010150024,0,0,0,0,0,0,224.63,314.25
84,0.135903549,0.112735616,0.134508975,0.3970489,0.20941113,0.01039183,0,0,0,0,0,0,222.29,314.1
85,0.137694564,0.128129935,0.135483871,0.403699526,0.181637717,0.013354388,0,0,0,0,0,0,221.65,314.05
86,0.132757092,0.120656028,0.134530142,0.399911348,0.200797872,0.011347518,0,0,0,0,0,0,225.6,313.95
87,0.191296464,0.204140224,0.179132668,0,0.386672711,0.038757933,0,0,0,0,0,0,132.36,314.1
88,0.21958803,0.230664594,0.122230859,0,0.376797513,0.050719005,0,0,0,0,0,0,102.92,314.1
89,0.134065055,0.120067544,0.133442943,0.387842161,0.214717384,0.009864913,0,0,0,0,0,0,225.04,313.95
90,0.131895348,0.12239384,0.138019543,0.384473364,0.213626334,0.00959157,0,0,0,0,0,0,222.07,313.95
91,0.150012312,0.12986949,0.114060576,0.420980054,0.174735287,0.01034228,0,0,0,0,0,0,203.05,314.05
92,0.166434601,0.116134366,0.132625533,0.372900531,0.201897137,0.010007832,0,0,0,0,0,0,229.82,314.5
93,0.134295617,0.117755451,0.133242662,0.401614531,0.204010003,0.009081736,0,0,0,0,0,0,227.93,314.45
94,0.224154661,0.192655072,0.225274315,0,0.320295589,0.037620363,0,0,0,0,0,0,133.97,314.6
95,0.238874037,0.201446768,0.204827803,0,0.309325366,0.045526026,0,0,0,0,0,0,127.18,314.6
96,0.129929577,0.119818913,0.108450704,0.463279678,0.168008048,0.010513078,0,0,0,0,0,0,198.8,314.7
97,0.157629521,0.143457036,0.158521862,0.273791402,0.254474831,0.012125348,0,0,0,0,0,0,190.51,314.8
98,0.150014957,0.133113969,0.149915246,0.299232227,0.231528567,0.011267325,0,0,0,0.02492771,0,0,200.58,314.9
99,0.139424167,0.114713217,0.137927908,0.389027431,0.189208796,0.009703015,0,0,0,0.019995466,0,0,220.55,314.85
100,0.123809946,0.115573662,0.133197538,0.392861887,0.203604481,0.009387592,0,0,0,0.021564894,0,0,225.83,314.85
101,0.257960759,0.17561917,0.207462206,0,0.324798971,0.014023802,0,0,0,0.020135092,0,0,155.45,314.9
102,0.274014017,0.17795795,0.202143741,0,0.335783977,0,0,0,0,0.010100316,0,0,145.54,314.85
103,0.21474395,0.148002251,0.154473832,0.332132808,0.150647158,0,0,0,0,0,0,0,177.7,314.95
104,0.164520113,0.11644319,0.131571983,0.406933663,0.180531052,0,0,0,0,0,0,0,226.72,315.1
105,0.202884137,0.128294381,0.149428145,0.278965689,0.240427648,0,0,0,0,0,0,0,201.1,315.15
106,0.19284569,0.144302538,0.117874717,0.432907613,0.112069442,0,0,0,0,0,0,0,180.87,315.05
107,0.177378928,0.119953451,0.134141975,0.398889983,0.169635664,0,0,0,0,0,0,0,223.42,315.05
108,0.274914089,0.186941581,0.206597938,0,0.331546392,0,0,0,0,0,0,0,145.5,315.3
109,0.288681279,0.194035214,0.212504492,0,0.304779015,0,0,0,0,0,0,0,139.15,315.45
110,0.202049263,0.133252574,0.151625278,0.297395518,0.215677367,0,0,0,0,0,0,0,198.12,315.4
111,0.194680325,0.118165072,0.135283282,0.3481152,0.203756122,0,0,0,0,0,0,0,222.57,315.3
112,0.215514931,0.138851659,0.138208331,0.300219804,0.207205275,0,0,0,0,0,0,0,186.53,314.5
113,0.170909701,0.10904668,0.12611668,0.377637042,0.175900684,0,0,0.040389213,0,0,0,0,238.43,314.3
114,0.31525556,0.093640265,0.093675735,0.319405526,0.15943674,0,0,0.018586174,0,0,0,0,281.93,314.2
115,0,0.160440758,0.176061028,0.362172307,0.301325907,0,0,0,0,0,0,0,165.17,314.05
116,0.251062861,0.204980261,0.204296994,0,0.339659885,0,0,0,0,0,0,0,131.72,314
117,0.274952147,0.185944763,0.207820618,0,0.331282472,0,0,0,0,0,0,0,146.28,314.25
118,0.212253268,0.134837221,0.15221738,0.305357601,0.19533453,0,0,0,0,0,0,0,195.05,312.3
119,0.202315048,0.138399597,0.131051837,0.303069955,0.225163563,0,0,0,0,0,0,0,198.7,313.6
120,0.212126954,0.126006632,0.139033633,0.284699195,0.238133586,0,0,0,0,0,0,0,211.1,314
121,0.200347005,0.131572606,0.147380597,0.28801388,0.232685913,0,0,0,0,0,0,0,207.49,314
122,0.195243284,0.123655659,0.150708296,0.285118681,0.24527408,0,0,0,0,0,0,0,211.07,314.1
123,0.266944665,0.18943606,0.207175007,0,0.336444268,0,0,0,0,0,0,0,151.08,313.65
124,0.199102777,0.134684208,0.140178436,0.285498261,0.240536317,0,0,0,0,0,0,0,198.39,313.8
125,0.264882989,0.171821541,0.12132202,0.20322978,0.23874367,0,0,0,0,0,0,0,146.14,314.35
126,0.24145742,0.140344113,0.121210661,0.288785002,0.173791508,0.010072775,0,0,0,0,0.024338522,0,207.49,314.65
127,0.253057527,0.138557552,0.126377774,0.303185867,0.147163924,0,0,0,0,0,0.031657356,0,198.69,314.85
128,0.241367686,0.140380448,0.120539369,0.292896701,0.17452444,0,0,0,0,0,0.030291356,0,207.65,315.05
129,0.293133018,0.199766756,0.172875077,0,0.247719009,0.046168622,0,0,0,0,0.040337518,0,145.77,315
130,0.34313041,0.208251885,0.16964535,0,0.193521363,0.042516057,0,0,0,0,0.042934934,0,143.24,315.35
131,0.250295101,0.139287822,0.125221326,0.298347433,0.153403502,0,0,0,0,0,0.033444816,0,203.32,315.35
132,0.26633428,0.167140124,0.146385298,0.170212766,0.205982956,0,0,0,0,0,0.043944576,0,172.49,315.6
133,0.221932461,0.119165488,0.11094413,0.397984441,0.122966761,0,0,0,0,0,0.027006719,0,226.24,315.65
134,0.245091891,0.135304616,0.145048478,0.288842796,0.151849887,0,0,0,0,0,0.033862332,0,207.31,315.85
135,0.262338071,0.136518592,0.123669167,0.319190224,0.120522368,0,0,0,0,0,0.037761578,0,190.67,315.85
136,0.341878617,0.189543803,0.188198089,0,0.237451218,0,0,0,0,0,0.042928273,0,148.62,315.7
137,0.293360572,0.179707184,0.194552264,0,0.239223698,0.043037113,0,0,0,0,0.050119169,0,146.85,315.15
138,0.244340359,0.133099141,0.147150664,0.295277127,0.137880562,0,0,0,0,0,0.042252147,0,204.96,314.8
139,0.217665752,0.120891559,0.117670106,0.385355448,0.131644247,0,0,0,0,0,0.026772888,0,229.71,315.2
140,0.259541589,0.131093134,0.155517527,0.312590749,0.107342875,0,0,0,0,0,0.033914126,0,192.84,315.2
141,0.386528185,0.109937942,0.129632822,0.256162731,0.089984485,0,0,0,0,0,0.027753836,0,232.04,315.3
142,0.129828483,0.168650697,0.121957145,0.283465332,0.127447646,0,0,0.137311112,0,0,0.031339585,0,205.81,315.2
143,0.308394041,0.24361751,0.164008663,0,0.236792019,0.047187767,0,0,0,0,0,0,152.37,315.25
144,0.318619054,0.231848728,0.173606536,0,0.23514297,0.040782712,0,0,0,0,0,0,151.78,315.55
145,0.24492392,0.178188757,0.122951221,0.289935907,0.164000196,0,0,0,0,0,0,0,204.39,315.4
146,0.240907782,0.176662508,0.121389502,0.287880242,0.173159965,0,0,0,0,0,0,0,208.42,315.8
147,0.265062569,0.172923612,0.121273615,0.289800454,0.15093975,0,0,0,0,0,0,0,206.97,315.6
148,0.199959244,0.187172041,0.128075806,0.306689082,0.178103826,0,0,0,0,0,0,0,196.29,315.7
149,0.235247617,0.167263427,0.116484538,0.280864915,0.147035573,0,0,0.053103929,0,0,0,0,215.05,315.8
150,0.301873752,0.198049455,0.19275073,0,0.259867916,0.047458148,0,0,0,0,0,0,130.22,315.9
151,0.358269216,0.208349204,0.25436124,0,0.159061476,0.019958863,0,0,0,0,0,0,131.27,315.85
152,0.272392306,0.135789759,0.136223246,0.321430507,0.134164183,0,0,0,0,0,0,0,184.55,316
153,0.240672446,0.177786292,0.120024905,0.288711145,0.172805211,0,0,0,0,0,0,0,208.79,315.65
154,0.30313253,0.20753012,0.151445783,0.184216867,0.153674699,0,0,0,0,0,0,0,166,316.05
155,0.24248989,0.173262084,0.144665896,0.29010206,0.149480069,0,0,0,0,0,0,0,207.72,315.85
156,0.21573615,0.150679026,0.128519077,0.383186031,0.121879715,0,0,0,0,0,0,0,231.95,315
157,0.301572418,0.207299481,0.209896134,0,0.281231968,0,0,0,0,0,0,0,138.64,315.15
158,0.318595759,0.242196733,0.206047967,0,0.233159541,0,0,0,0,0,0,0,143.85,315.05
159,0.212195743,0.148248664,0.127639725,0.386650835,0.125265033,0,0,0,0,0,0,0,235.82,314.9
160,0.238575668,0.128189911,0.136909381,0.402373887,0.093951153,0,0,0,0,0,0,0,219.05,315
161,0.210892501,0.114570858,0.093641289,0.519760479,0.061134873,0,0,0,0,0,0,0,175.35,315.15
162,0.081739006,0.08902056,0.070745288,0.645916619,0.112578527,0,0,0,0,0,0,0,140.08,315.4
163,0.189458617,0.108481161,0.106896375,0.459894688,0.135269158,0,0,0,0,0,0,0,195.61,315.2
164,0.272727273,0.185868059,0.238516466,0,0.302888202,0,0,0,0,0,0,0,93.83,315.7
165,0.339089701,0.24757044,0.209256799,0,0.204083059,0,0,0,0,0,0,0,143.03,315.8
166,0.245546578,0.196923975,0.124063078,0.433466368,0,0,0,0,0,0,0,0,205.46,315.85
167,0.24067521,0.189030222,0.078806427,0.432096404,0,0,0,0.059391737,0,0,0,0,209.12,315.8
168,0.230752406,0.184547244,0.085465879,0.499234471,0,0,0,0,0,0,0,0,182.88,316
169,0.252443159,0.200039888,0.100967292,0.446549661,0,0,0,0,0,0,0,0,200.56,315.9
170,0.287656766,0.190825083,0.108448845,0.395115512,0,0,0,0,0,0,0,0.017953795,151.5,315.9
171,0.42249564,0.284053478,0.224762643,0,0,0,0,0,0.020151134,0,0,0.048537105,103.22,316
172,0.395230263,0.337006579,0.216200658,0,0,0,0,0,0.011019737,0,0,0.040542763,121.6,316.2
173,0.236360213,0.192016194,0.117827049,0.421691851,0,0,0,0,0.008708751,0,0,0.023395942,212.43,316.2
174,0.249366019,0.199095023,0.125503456,0.297648053,0,0,0,0.093779524,0.010989011,0,0,0.023618915,201.11,316.15
175,0.254004461,0.139699919,0.10472425,0.453568532,0,0,0,0,0.012266829,0,0,0.03573601,197.28,316.1
176,0.199165425,0.180625931,0.148971684,0.358271237,0,0,0,0,0.037019374,0.015558867,0,0.060387481,167.75,316.25
177,0.292188059,0.134876654,0.111771541,0.387379335,0,0,0,0,0.010412942,0.016759028,0,0.046612442,223.76,316.35
178,0.360442471,0.206278726,0.217028901,0,0,0,0,0,0.046661993,0.064812651,0,0.104775259,128.37,316.4
179,0.340758521,0.22774844,0.296207393,0,0,0,0,0,0.05549688,0.032069131,0,0.047719635,104.15,316.4
180,0.252580694,0.091847525,0.127297447,0.449468755,0,0,0,0,0.012135556,0.015458986,0,0.051211038,198.59,316.55
181,0.236379945,0.141771315,0.117694269,0.42772165,0,0,0,0,0.010244547,0.019308847,0,0.046879426,211.82,316.65
182,0.245132702,0.143638335,0.118559374,0.433884882,0,0,0,0,0.010276717,0,0,0.04850799,212.13,316.55
183,0.342153285,0.227722019,0.113518856,0.225364964,0,0,0,0,0.015282847,0,0,0.075958029,131.52,316.65
184,0.203346856,0.153498986,0.128701826,0.451521298,0,0,0,0,0.010344828,0,0,0.052586207,197.2,316.75
185,0.337083265,0.247002792,0.248562982,0,0,0,0,0,0.08507144,0,0,0.08227952,121.78,317.05
186,0.320641283,0.256673347,0.252344689,0,0,0,0,0,0.065250501,0,0,0.10509018,124.75,317.05
187,0.345635618,0.120999095,0.133514406,0.318368216,0,0,0,0,0.026947862,0.013260904,0,0.041273899,187.77,317.15
188,0.222927759,0.148048649,0.122160895,0.44233869,0,0,0,0,0.02574122,0.013041567,0,0.02574122,204.73,317
189,0.385726234,0.133537775,0.079007527,0.335098968,0,0,0,0,0.014106496,0.022135489,0,0.03038751,179.35,316.9
190,0.311148928,0.094195566,0.118112409,0.412381566,0,0,0,0,0.018581547,0.004783369,0,0.040796615,217.42,317.35
191,0,0.312451663,0.196133024,0.45970611,0,0,0,0,0.031709203,0,0,0,129.3,317.15
192,0,0.361437211,0.448416933,0,0,0,0,0,0.190145856,0,0,0,56.22,317.55
193,0.252273577,0.249657406,0.313068394,0,0,0,0,0,0.129438146,0.055562477,0,0,80.27,317.2
194,0.270511042,0.223140937,0.133788542,0.319428145,0,0,0,0,0.022831537,0.030299797,0,0,187.46,317
195,0.264061761,0.212278767,0.131663253,0.313954099,0,0,0,0,0.021269891,0.029777848,0.026994381,0,190.41,316.2
196,0.263823805,0.208424451,0.159637613,0.295011975,0,0,0,0,0.021607831,0.027595543,0.023898782,0,192.06,316.15
197,0.264644132,0.210214151,0.159090909,0.292882637,0,0,0,0,0.023934495,0.027083771,0.022149906,0,190.52,316.25
198,0.257575758,0.204954955,0.154228092,0.312551188,0,0,0,0,0.020628583,0.027743653,0.022317772,0,195.36,316.05
199,0.340474733,0.273413589,0.208324832,0,0,0,0,0,0.103516289,0.032238319,0.042032238,0,147.03,315.5
200,0.358004273,0.280614706,0.215353869,0,0,0,0,0,0.102473985,0,0.043553167,0,145.11,315.65
201,0.253314724,0.205263683,0.152876084,0.301166384,0,0,0,0.032449407,0.020187419,0,0.034742299,0,200.62,315.6
202,0.228342491,0.182921245,0.102335165,0.413919414,0,0,0,0.032738095,0.019139194,0,0.020604396,0,218.4,315.45
203,0.276536907,0.214369283,0.133375877,0.325569028,0,0,0,0,0.021644331,0,0.028504573,0,188.04,315.35
204,0.209497874,0.216425398,0.100759639,0.431799723,0,0,0,0,0.019397067,0,0.0221203,0,209.31,315.35
205,0.293181215,0.137171664,0.104934996,0.402626691,0,0,0,0,0.039400371,0,0.022685062,0,150.76,315.15
206,0.37354748,0.297239287,0.184146251,0,0,0,0,0,0.112648953,0,0.03241803,0,135.11,315
207,0.380176758,0.286173399,0.188152801,0,0,0,0,0,0.111898327,0,0.033598714,0,136.91,314.9
208,0.23939887,0.191538241,0.120895951,0.428831243,0,0,0,0,0.019335694,0,0,0,208.94,315.05
209,0.263815909,0.251676028,0.095548711,0.363954823,0,0,0,0,0.02500453,0,0,0,165.57,315.2
210,0.256069629,0.138341732,0.127754874,0.457372627,0,0,0,0,0.020461139,0,0,0,196.47,316
211,0.2642866,0.247675716,0.124705591,0.338291806,0,0,0,0,0.025040288,0,0,0,161.34,316.1
212,0.292511109,0.217513818,0.143220982,0.324265742,0,0,0,0,0.022488349,0,0,0,184.54,315.95
213,0.389098981,0.325715225,0.199769813,0,0,0,0,0,0.085415982,0,0,0,121.64,315.9
214,0.406156214,0.317968449,0.201539053,0,0,0,0,0,0.074336283,0,0,0,129.95,316.1
215,0.281539914,0.222987612,0.14015888,0.332092662,0,0,0,0,0.023220932,0,0,0,180.01,316.15
216,0.27991298,0.223963853,0.13995649,0.333017237,0,0,0,0,0.023149439,0,0,0,179.27,316.4
217,0.334377291,0.267808356,0.17118678,0.199107083,0,0,0,0,0.02752049,0,0,0,150.07,316.55
218,0.326893052,0.260928962,0.16380432,0.193728858,0,0,0,0,0.026606818,0.028037991,0,0,153.72,316.15
219,0.22794887,0.18295956,0.114224628,0.404312423,0,0,0,0,0.04649047,0.024064049,0,0,219.83,316.35
220,0.387135378,0.301271503,0.191772625,0,0,0,0,0,0.078309648,0.041510845,0,0,133.7,316.45
221,0.43241517,0.324151697,0.208463074,0,0,0,0,0,0.03497006,0,0,0,125.25,316.55
222,0.238674716,0.191234492,0.121310073,0.429243713,0,0,0,0,0.019537006,0,0,0,210.37,316.8
223,0.278563898,0.222518173,0.139503912,0.336163365,0,0,0,0,0.023250652,0,0,0,180.21,316.6
224,0.279763564,0.223219762,0.141749847,0.331344449,0,0,0,0,0.023922378,0,0,0,179.33,316.35
225,0.278135405,0.222807991,0.141009989,0.334850166,0,0,0,0,0.023196448,0,0,0,180.2,316.6
226,0.280677324,0.223249596,0.139586699,0.333983178,0,0,0,0,0.022503203,0,0,0,179.53,316.65
227,0.365177863,0.290208529,0.182408543,0,0,0,0,0,0.07533011,0,0,0.086874955,138.59,316.7
228,0.375387276,0.287700843,0.183586714,0,0,0,0,0,0.070177967,0,0,0.083147201,138.79,316.95
229,0.262014208,0.208994985,0.131111575,0.313205182,0,0,0,0,0.021468868,0,0,0.063205182,191.44,317.3
230,0.281807439,0.226999043,0.130380958,0.337741264,0,0,0,0,0.023071296,0,0,0,177.71,317.1
231,0.274303233,0.225139353,0.141025641,0.33690078,0,0,0,0,0.022630992,0,0,0,179.4,316.7
232,0.280563568,0.223041935,0.139560683,0.333814067,0,0,0,0,0.023019747,0,0,0,180.28,315.8
233,0.341367566,0.147629028,0.10204349,0.392716793,0,0,0,0,0.016243123,0,0,0,152.68,315.6
234,0.4482618,0.279743093,0.157610358,0,0,0,0,0,0.114384749,0,0,0,98.09,315.45
235,0.403207418,0.305008741,0.202249753,0,0,0,0,0,0.089534088,0,0,0,131.57,315.45
236,0.239552453,0.188103663,0.119489337,0.434541455,0,0,0,0,0.018313092,0,0,0,209.14,315.45
237,0.240490739,0.189853631,0.119890105,0.430202264,0,0,0,0,0.019563261,0,0,0,211.11,315.35
238,0.242115778,0.190838605,0.119155211,0.427912287,0,0,0,0,0.019978119,0,0,0,210.23,315.3
239,0.232770534,0.122874482,0.090728835,0.539926696,0,0,0,0,0.013699453,0,0,0,166.43,315.45
240,0.239515244,0.19127821,0.119805334,0.430364044,0,0,0,0,0.019037168,0,0,0,209.59,315.55
241,0.267703162,0.174287954,0.110399791,0.400836164,0,0,0,0,0.046772929,0,0,0,153.08,315.5
242,0.162182474,0.189187835,0.10000501,0.500025051,0,0,0,0,0.048599629,0,0,0,199.59,315.5
243,0.241681342,0.196311058,0.118453981,0.42209658,0,0,0,0,0.02145704,0,0,0,215.78,315.4
244,0.239530669,0.192263665,0.120003816,0.428884861,0,0,0,0,0.019316989,0,0,0,209.66,315.6
245,0.237921873,0.197923841,0.103266752,0.4489816,0,0,0,0,0.011905933,0,0,0,203.26,315.65
246,0.204535865,0.206118143,0.099947257,0.470464135,0,0,0,0,0.018934599,0,0,0,189.6,315.5
247,0.189254468,0.213998175,0.079491171,0.482529118,0,0,0,0,0.021630616,0.013096452,0,0,186.31,315.65
248,0.429811867,0.350988905,0.158321274,0,0,0,0,0,0.060877955,0,0,0,103.65,315.4
249,0.395269219,0.31660442,0.183784625,0,0,0,0,0,0.072751323,0.031590414,0,0,128.52,315.4
250,0.224804107,0.182653337,0.115194092,0.406286589,0,0,0,0,0.021480681,0.049581194,0,0,222.06,315.2
251,0.23535706,0.187997209,0.11616655,0.419260293,0,0,0,0,0.019260293,0.021958595,0,0,214.95,315
252,0.185440736,0.183836115,0.109328199,0.488125802,0,0,0,0,0.02182285,0.011446299,0,0,186.96,315.05
253,0.289962611,0.207132586,0.119930975,0.344664941,0,0,0,0,0.023238424,0.015070463,0,0,173.85,314.8
254,0.248349991,0.24206424,0.097240556,0.371236407,0,0,0,0,0.017977246,0.023131561,0,0,159.09,314.65
255,0.266312832,0.210323655,0.130970965,0.312623582,0,0,0,0,0.052658966,0.027110001,0,0,192.18,314.85
256,0.394224897,0.261798831,0.221408008,0,0,0,0,0,0.090464974,0.032103289,0,0,114.63,314.75
257,0.234520959,0.188705816,0.119091208,0.425010562,0,0,0,0,0.018870582,0.013800873,0,0,213.03,314.65
258,0.242060827,0.192123189,0.096949055,0.43787777,0,0,0,0,0.019332246,0.011656913,0,0,208.46,314.65
259,0.284652904,0.211433757,0.099818512,0.345054446,0,0,0,0,0.024274047,0.034766334,0,0,176.32,314.7
260,0.214540613,0.164207723,0.104234354,0.47723036,0,0,0,0,0.010705726,0.029081225,0,0,187.75,314.7
261,0.235419261,0.209059776,0.055053964,0.465857202,0,0,0,0,0.021481943,0.013127854,0,0,192.72,315.1
262,0.371655104,0.305054509,0.208820614,0,0,0,0,0,0.083349851,0.031119921,0,0,100.9,315.05
263,0.352385157,0.220273183,0.170998987,0.19268223,0,0,0,0,0.059661378,0.003999065,0,0,154.036,315.05
264,0.240607247,0.191769704,0.120351363,0.427841696,0,0,0,0,0.01942999,0,0,0,209.47,315.2
265,0.243404618,0.211722415,0.151038811,0.369341376,0,0,0,0,0.02449278,0,0,0,164.13,315.35
266,0.238806683,0.190883055,0.120143198,0.430644391,0,0,0,0,0.019522673,0,0,0,209.5,315.55
267,0.261038134,0.231352352,0.145940628,0.347317864,0,0,0,0,0.014351021,0,0,0,172.81,315.8
268,0.23706153,0.19115392,0.120854897,0.431186506,0,0,0,0,0.019743147,0,0,0,208.68,316
269,0.399776394,0.311451845,0.207714423,0,0,0,0,0,0.081057339,0,0,0,125.22,316.2
270,0.394966997,0.302310231,0.225330033,0,0,0,0,0,0.077392739,0,0,0,121.2,316.4
271,0.237831118,0.179831692,0.137563355,0.424882854,0,0,0,0,0.019890982,0,0,0,209.14,316.3
272,0.28658222,0.18874305,0.154983665,0.346764487,0,0,0,0,0.022926578,0,0,0,174.47,316.5
273,0.184240131,0.189507057,0.143229699,0.463182655,0,0,0,0,0.019840458,0,0,0,195.56,316.7
274,0.180254088,0.135190566,0.159630832,0.513644391,0,0,0,0,0.011280123,0,0,0,175.53,316.4
275,0.217269595,0.189491817,0.077734711,0.490525409,0,0,0,0,0.013081395,0.011897071,0,0,185.76,316.4
276,0.41636176,0.252556525,0.220189511,0,0,0,0,0,0.059574069,0.051318135,0,0,106.59,316.5
277,0.360682972,0.222888786,0.275865251,0,0,0,0,0,0.073834795,0.066728196,0,0,108.35,316.55
278,0.238332149,0.146884624,0.142193793,0.428903104,0,0,0,0,0.019189765,0.024496565,0,0,211.05,316.7
279,0.222459458,0.138681308,0.152712114,0.458746378,0,0,0,0,0.012505719,0.014895023,0,0,196.71,316.65
280,0.189585028,0.155352784,0.111124027,0.518191329,0,0,0,0,0.013658026,0.012088806,0,0,172.06,316.55
281,0.201559419,0.132057716,0.123185159,0.529844058,0,0,0,0,0.013353648,0,0,0,223.16,316.8
282,0.231920324,0.158750813,0.150643111,0.447525149,0,0,0,0,0,0.011160603,0,0,199.81,317.15
283,0.43258759,0.252089489,0.257492613,0,0,0,0,0,0,0.057830308,0,0,118.45,317.35
284,0.412589667,0.276053841,0.252035141,0,0,0,0,0,0,0.059321351,0,0,124.07,317.45
285,0.403948429,0.309830782,0.242949234,0,0,0,0,0,0,0.043271555,0,0,124.1,317.45
286,0.4183391,0.254930796,0.260294118,0,0,0,0,0.044204152,0,0.022231834,0,0,115.6,317.6
287,0.378175149,0.231178359,0.276020174,0,0,0,0,0.080146722,0,0.034479597,0,0,109.05,317.65
288,0.375517891,0.221468927,0.283427495,0,0,0,0,0.095762712,0,0.023822976,0,0,106.2,317.85
289,0.409139919,0.18072489,0.250476901,0,0,0,0,0.151861989,0,0.007796301,0,0,120.57,317.75
290,0.362193633,0,0.275612734,0,0,0,0,0.362193633,0,0,0,0,106.49,317.55
291,0.416039063,0,0.249358603,0,0,0,0,0.334602334,0,0,0,0,120.83,317.5
292,0.172730538,0,0.103350952,0.606045056,0,0,0,0.117873454,0,0,0,0,194.87,317.2
293,0.211360579,0,0.126723848,0.510258998,0,0,0,0.145013454,0,0.006643121,0,0,237.84,317.35
294,0.237506361,0,0.123918575,0.458625954,0,0,0,0.165343511,0,0.014605598,0,0,196.5,317.3
295,0.201139682,0,0.103513233,0.554959028,0,0,0,0.126966186,0,0.013421871,0,0,212.34,317.4
296,0.223189433,0,0.131788046,0.450933752,0,0,0,0.182043626,0,0.012045144,0,0,197.59,317.3
297,0.399673588,0,0.233566053,0,0,0,0,0.343911506,0,0.022848853,0,0,110.29,317.45
298,0.448328422,0,0.306269688,0,0,0,0,0.209429936,0,0.035971954,0,0,98.41,317.45
299,0.383125956,0,0.217912037,0.398962007,0,0,0,0,0,0,0,0,150.29,317.25
300,0.290359712,0,0.17323741,0.322532374,0,0,0,0.202705036,0,0.011165468,0,0,173.75,317.15
301,0.270455527,0,0.161431347,0.323402418,0,0,0,0.218588083,0,0.026122625,0,0,185.28,317.15
302,0.297624261,0,0.16323626,0.309612437,0,0,0,0.229527042,0,0,0,0,182.68,317.3
303,0.276045627,0,0.163932645,0.325801195,0,0,0,0.218794134,0,0.015426399,0,0,184.1,317.25
304,0.388501342,0,0.231736297,0,0,0,0,0.311536987,0,0.068225374,0,0,130.45,317.25
305,0.390519508,0,0.218747779,0,0,0,0,0.294719636,0,0.096013077,0,0,140.71,317.1
306,0.258061134,0,0.157814712,0.313741939,0,0,0,0.209825408,0,0.060556808,0,0,190.73,317.1
307,0.227262418,0,0.138262645,0.406622817,0,0,0,0.181991381,0,0.045860739,0,0,220.45,316.8
308,0.26498142,0,0.15915633,0.312869629,0,0,0,0.209609044,0,0.053383577,0,0,191.07,316.8
309,0.269906106,0,0.159567132,0.315951408,0,0,0,0.213781762,0,0.040793592,0,0,188.51,317.1
310,0.254293825,0,0.140241306,0.424698368,0,0,0,0.180766501,0,0,0,0,140.9,317.35
311,0.424561686,0,0.240067557,0,0,0,0,0.335370758,0,0,0,0,124.34,317.15
312,0.438645642,0,0.242455775,0,0,0,0,0.318898583,0,0,0,0,124.93,316.95
313,0.266444394,0,0.170829566,0.336008137,0,0,0,0.226717902,0,0,0,0,176.96,316.8
314,0.263150118,0,0.148542159,0.387706856,0,0,0,0.200600867,0,0,0,0,203.04,316.8
315,0.347125895,0,0.208761028,0.416134939,0,0,0,0.027978139,0,0,0,0,144.184,316.8
316,0.244877866,0,0.142482067,0.423648554,0,0,0,0.188991514,0,0,0,0,213.29,316.95
317,0.27518871,0,0.164205229,0.328957444,0,0.011978996,0,0.21966962,0,0,0,0,182.82,316.8
318,0.410872894,0,0.232848392,0,0,0.045405819,0,0.310872894,0,0,0,0,130.6,316.55
319,0.412888722,0,0.223529412,0,0,0.04023979,0,0.323342076,0,0,0,0,133.45,316.5
320,0.339508686,0,0.169788274,0.405130293,0,0.014454397,0,0.07111835,0,0,0,0,147.36,316.55
321,0.246759281,0,0.120522232,0.416391767,0,0.009849928,0,0.206476792,0,0,0,0,215.23,316.6
322,0.241349356,0,0.12103663,0.433376768,0,0.010424207,0,0.19381304,0,0,0,0,207.21,316.725
323,0.21700987,0,0.163214329,0.35555014,0,0.013829658,0,0.250396003,0,0,0,0,164.14,316.6
324,0.244984495,0,0.131763812,0.382380862,0,0.014682615,0,0.226188216,0,0,0,0,158.01,316.66
325,0.385650224,0,0.218038751,0,0,0.045773754,0,0.35053727,0,0,0,0,118.19,316.495
326,0.414412366,0,0.197090248,0,0,0.041524589,0,0.346972797,0,0,0,0,131.97,316.55
327,0.313081068,0,0.148042873,0.347604666,0,0.013323859,0,0.177947534,0,0,0,0,168.87,316.795
328,0.253959391,0,0.127918782,0.450964467,0,0.010812183,0,0.156345178,0,0,0,0,197,316.55
329,0.281167258,0,0.142752521,0.341727227,0,0.011886654,0,0.22246634,0,0,0,0,177.51,316.45
330,0.246333046,0,0.122327677,0.428051002,0,0.010066149,0,0.193222126,0,0,0,0,208.62,316.6
331,0.283060109,0,0.103567985,0.384956606,0,0.01420765,0,0.21420765,0,0,0,0,155.55,316.7
332,0.407502405,0,0.201587047,0,0,0.037832639,0,0.35307791,0,0,0,0,124.76,316.55
333,0.417137245,0,0.206399869,0,0,0.036991571,0,0.339471315,0,0,0,0,122.19,316.3
334,0.283062384,0,0.143556281,0.335039658,0,0.0137256,0,0.224616077,0,0,0,0,177.77,316.35
335,0.241951078,0,0.121869864,0.430822779,0,0.011311998,0,0.194044281,0,0,0,0,206.86,316.35
336,0.241539354,0,0.121301489,0.432314833,0,0.010297815,0,0.194546509,0,0,0,0,206.84,316.35
337,0.296007896,0,0.137310814,0.329019522,0,0.013599474,0,0.224062294,0,0,0,0,182.36,316.45
338,0.281754032,0,0.141857079,0.337477599,0,0.012880824,0,0.226030466,0,0,0,0,178.56,316.4
339,0.419938352,0,0.21009085,0,0,0.040801428,0,0.329169371,0,0,0,0,123.28,316.3
340,0.42083135,0,0.208234174,0,0,0.03942567,0,0.331508805,0,0,0,0,126.06,316.25
341,0.283300808,0,0.144912183,0.333760803,0,0.012824087,0,0.225202119,0,0,0,0,179.35,316.2
342,0.238367965,0,0.118710655,0.429308468,0,0.010413215,0,0.193496474,0,0.009703223,0,0,211.27,316.3
343,0.275793651,0,0.138392857,0.327160494,0,0.011684303,0,0.224316578,0,0.022652116,0,0,181.44,316.45
344,0.241918414,0,0.122474505,0.430921686,0,0.010727343,0,0.180152011,0,0.013806042,0,0,207.88,316.5
345,0.287447815,0,0.141274701,0.332312831,0,0.013136655,0,0.21586418,0,0.009963819,0,0,179.65,316.75
346,0.393547894,0,0.201666539,0,0,0.091277425,0,0.313508142,0,0,0,0,130.81,316.7
347,0.477917981,0,0,0,0,0.090694006,0,0.431388013,0,0,0,0,50.72,316.8
348,0.323682687,0,0.100109374,0.379463424,0,0.015376697,0,0.181367818,0,0,0,0,155.43,316.85
349,0.243368987,0,0.120533359,0.432634659,0,0.010839848,0,0.192623147,0,0,0,0,208.49,316.75
350,0.282600146,0,0.14085061,0.336872858,0,0.014719928,0,0.224956458,0,0,0,0,177.99,316.75
351,0.291306851,0,0.144905009,0.315601612,0,0.012895797,0,0.235290731,0,0,0,0,173.7,317.05
352,0.276493892,0,0.138329482,0.308352592,0,0.055518873,0,0.221305161,0,0,0,0,181.74,317.25
353,0.399153846,0,0.202461538,0,0,0.076692308,0,0.321692308,0,0,0,0,130,317.3
354,0.383696469,0,0.202404207,0,0,0.082569497,0,0.331329827,0,0,0,0,133.1,317.3
355,0.29203025,0,0.097614892,0.346945899,0,0.013263525,0,0.236358348,0,0.013787086,0,0,171.9,317.25
356,0.280785475,0,0.151719598,0.288738961,0,0.026328781,0,0.228511875,0,0.023915309,0,0,182.31,317.45
357,0.274328538,0,0.138285652,0.329303649,0,0.014113014,0,0.219681637,0,0.024287512,0,0,182.81,317.4
358,0.412780232,0,0.206512846,0,0,0.019391262,0,0.329896907,0,0.031418753,0,0,122.22,317.5
359,0.27073527,0,0.137261267,0.318238381,0,0.055348158,0,0.218416924,0,0,0,0,184.83,317.3
360,0.386291534,0,0.164134246,0,0,0.079646018,0,0.369928202,0,0,0,0,119.78,317.2
361,0.39971449,0,0.198746927,0,0,0.082560076,0,0.318978507,0,0,0,0,126.09,317.25
362,0.183120851,0.115899273,0.137129913,0.315983563,0,0.012959646,0,0.234906754,0,0,0,0,189.82,317.35
363,0.212691035,0.143460807,0.17599831,0.163955208,0,0.015705331,0,0.288189309,0,0,0,0,141.99,317.25
364,0.194826667,0.1216,0.137013333,0.304106667,0,0.025866667,0,0.216586667,0,0,0,0,187.5,317.05
365,0.143357637,0.095303475,0.114714516,0.410283117,0.036123473,0.009989584,0,0.190228198,0,0,0,0,211.22,316.9
366,0.163794466,0.106192358,0.121422925,0.315467721,0.051963109,0.025876153,0,0.215283267,0,0,0,0,189.75,317
367,0.237428108,0.153222239,0.165978469,0,0.080740304,0.060684265,0,0.301946616,0,0,0,0,135.62,317
368,0.226731147,0.149004766,0.184889263,0,0.07933838,0.067003084,0,0.293033361,0,0,0,0,142.68,317.05
369,0.165787739,0.110580092,0.138925511,0.293122391,0.05784443,0.013952977,0,0.21978686,0,0,0,0,182.04,317.15
370,0.229001826,0.152312842,0.152693244,0.065733414,0.075395618,0.019020085,0,0.30584297,0,0,0,0,131.44,317.15
371,0.160277822,0.108265734,0.133556015,0.318222788,0.056306665,0.010922008,0,0.212448969,0,0,0,0,188.61,317.35
372,0.082821252,0.136059601,0.137038447,0.325411931,0.143237805,0.012235576,0,0.163195389,0,0,0,0,183.89,317.5
373,0.078164606,0.129532875,0.129481144,0.311209974,0.156898246,0.012311831,0,0.156587864,0,0,0,0.02581346,193.31,317.6
374,0.109989624,0.164890105,0.153287426,0,0.220450901,0.022262051,0,0.27903028,0,0,0,0.050089614,106.01,317.65
375,0.119370924,0.182125048,0.182125048,0,0.178519371,0.015803606,0,0.240583046,0,0,0,0.081472957,130.35,317.6
376,0.078304785,0.130785651,0.130629458,0.308012704,0.130212943,0.012235123,0,0.157234342,0,0,0,0.052584995,192.07,317.55
377,0.077005621,0.12887072,0.127848748,0.309862034,0.131630046,0.011599387,0,0.155493102,0,0,0,0.057690342,195.7,317.5
378,0.087238387,0.128024502,0.127616131,0.30086779,0.135477284,0.011842777,0,0.155640633,0,0,0,0.053292496,195.9,317.4
379,0.080342933,0.128754043,0.130396838,0.310590893,0.12901073,0.012988346,0,0.155244109,0,0,0,0.052672108,194.79,317.35
380,0.09472437,0.156086306,0.157770017,0.186330756,0.156585183,0.013906211,0,0.187328511,0,0,0,0.047268646,160.36,317.4
381,0.119066393,0.202491721,0.197839457,0,0.197445198,0.043841665,0,0.239315565,0,0,0,0,126.82,317.4
382,0.126855202,0.200251052,0.188067636,0,0.188362992,0.063649118,0,0.232814,0,0,0,0,135.43,317.25
383,0.092124191,0.152121793,0.084212419,0.358427236,0.118257013,0.01462479,0,0.180232558,0,0,0,0,166.84,317.2
384,0.248066244,0.149196747,0.149295914,0.292344308,0.050327251,0.010957953,0,0.099811583,0,0,0,0,201.68,317.2
385,0.281693312,0.169725287,0.169725287,0.168317946,0.059164603,0.012834947,0,0.11281243,0,0.025726188,0,0,177.64,316.95
386,0.21432528,0.12914909,0.127956027,0.380587158,0.043418978,0.009757553,0,0.085389237,0,0.009416677,0,0,234.69,316.8
387,0.246845077,0.148588264,0.147802603,0.29197152,0.04930027,0.01006629,0,0.098993371,0,0.006432605,0,0,203.65,316.85
388,0.344318572,0.206659801,0.172811535,0,0.068657741,0.069687607,0,0.137864744,0,0,0,0,145.65,316.7
389,0.343235456,0.181668496,0.175493963,0,0.086855104,0.065244237,0,0.147502744,0,0,0,0,145.76,316.9
390,0.24329697,0.145793939,0.146715152,0.288969697,0.052266667,0.011151515,0,0.097745455,0,0.014060606,0,0,206.25,316.85
391,0.27719434,0.171235905,0.155151448,0.166261331,0.090537254,0.01232589,0,0.111209374,0,0.016084457,0,0,180.92,316.85
392,0.343238617,0.205614516,0.182540226,0,0.101745977,0.015200274,0,0.138925026,0,0.012735365,0,0,146.05,316.75
393,0.241777821,0.144989647,0.118071941,0.285067655,0.088553956,0.01232725,0,0.098569846,0,0.010641884,0,0,207.67,316.75
394,0.231952826,0.138987423,0.138296402,0.275026489,0.093333948,0.010826001,0,0.092965403,0,0.018611508,0,0,217.07,316.8
395,0.330788162,0.192276141,0.163942702,0,0.123304095,0.035779643,0,0.128099956,0,0.025809301,0,0,158.47,316.9
396,0.347980349,0.168054039,0.118586245,0,0.133256004,0.075122817,0,0.135166485,0,0.021834061,0,0,146.56,316.95
397,0.31765975,0.19322292,0.19125579,0.000253823,0.128751824,0.015483216,0,0.129513294,0,0.023859382,0,0,157.59,317
398,0.202401286,0.151612579,0.12629358,0.304832714,0.102933789,0.010901236,0,0.101024817,0,0,0,0,199.06,316.9
399,0.185094136,0.089639045,0.133948915,0.360354959,0.108766039,0.012711356,0,0.10948555,0,0,0,0,166.78,317.05
400,0.248230811,0.163914595,0.147160225,0.178189076,0.120002419,0.013911571,0,0.128591302,0,0,0,0,165.33,316.75
401,0.239104895,0.169958042,0.141874126,0.169622378,0.147524476,0.012811189,0,0.119104895,0,0,0,0,178.75,317.2
402,0.270578864,0.197092406,0.164896442,0,0.16390069,0.069105151,0,0.134426447,0,0,0,0,150.64,317.4
403,0.276197656,0.205743266,0.17291481,0,0.137756151,0.069426359,0,0.137961757,0,0,0,0,145.91,317.4
404,0.244818098,0.193090798,0.153103027,0.143320086,0.128645674,0.014735555,0,0.122286762,0,0,0,0,163.55,317.4
405,0.222729076,0.148254661,0.124553749,0.295319318,0.090638635,0.010858786,0,0.107645775,0,0,0,0,201.68,317.45
406,0.201359174,0.153838409,0.127661717,0.303347596,0.101384344,0.011024415,0,0.101384344,0,0,0,0,198.65,317.7
407,0.255240102,0.165576134,0.141843185,0.166574249,0.136963513,0.012088278,0,0.121714539,0,0,0,0,180.34,317.6
408,0.194922003,0.13847379,0.126434628,0.28032042,0.123296013,0.010259053,0,0.102637373,0,0.02365672,0,0,213.47,317.45
409,0.288403961,0.162943344,0.146706587,0,0.180274067,0.058613542,0,0.115211884,0,0.047846614,0,0,173.68,317.15
410,0.331152426,0.073718987,0.166612684,0,0.178596878,0.070350457,0,0.122303556,0,0.057265013,0,0,154.37,316.75
411,0.190416368,0.141421393,0.112257717,0.271087581,0.143395549,0.009781048,0,0.095567121,0,0.036073223,0,0,222.88,316.55
412,0.257248651,0.189720095,0.157650308,0.095142463,0.126898456,0.015877997,0,0.125643279,0,0.031818752,0,0,159.34,316.3
413,0.164571823,0.107320442,0.103729282,0.410497238,0.118301105,0.016712707,0,0.049792818,0,0.029074586,0,0,144.8,316.4
414,0.170529801,0.13013245,0.11192053,0.282339956,0.130905077,0.025165563,0,0.111810155,0,0.037196468,0,0,90.6,316.3
415,0.190636578,0.163595246,0.122840783,0.288793726,0.136553914,0.010729923,0,0.051676851,0,0.035172978,0,0,207.83,316.3
416,0.294350842,0.143648341,0.14324025,0,0.227423774,0.054917507,0,0.064245322,0,0.072173964,0,0,171.53,316.3
417,0.27659696,0.17626557,0.146040453,0,0.229516627,0.053765284,0,0.053308193,0,0.064506913,0,0,175.02,316.15
418,0.239434595,0.143747005,0.119885002,0.200670819,0.262577863,0.02400575,0,0,0,0,0.009678965,0,208.7,316
419,0.260885786,0.145019453,0.112775143,0.159995736,0.276554922,0.026648191,0,0,0,0,0.01812077,0,187.63,315.9
420,0.215381115,0.136564278,0.100614334,0.273765643,0.24182025,0.023162685,0,0,0,0,0.008691695,0,219.75,315.7
421,0.217914499,0.13576114,0.106175074,0.269441303,0.235059941,0.022393124,0,0,0,0,0.01325492,0,221.05,315.95
422,0.226432792,0.141168746,0.108714004,0.284776287,0.207203827,0.02194916,0,0,0,0,0.009755182,0,213.22,315.75
423,0.207802114,0.20518688,0.21139806,0,0.211071156,0.111038466,0.021902583,0,0,0,0.031600741,0,91.77,315.3
424,0.343694941,0.335137176,0.211804682,0,0,0.088472187,0.020891014,0,0,0,0,0,79.46,315.05
425,0,0,0,1,0,0,0,0,0,0,0,0,59.9,314.5
426,0,0,0,1,0,0,0,0,0,0,0,0,59.58,314.85
427,0,0,0,1,0,0,0,0,0,0,0,0,60.88,314.55
428,0,0,0,1,0,0,0,0,0,0,0,0,56.7,314.25
429,0,0,0,1,0,0,0,0,0,0,0,0,89.98,314.15
430,,,,,,,,,,,,,0,314.3
431,,,,,,,,,,,,,0,314.35
432,0.306125855,0.195793691,0,0.498080454,0,0,0,0,0,0,0,0,179.73,314.6
433,0.31575861,0.10795394,0.091267726,0.485019725,0,0,0,0,0,0,0,0,187.58,314.7
434,0.280239256,0.11104342,0.067789101,0.498338502,0,0,0.042589721,0,0,0,0,0,180.56,314.95
435,0.213023195,0.098495302,0.068269926,0.586372298,0,0,0.03383928,0,0,0,0,0,152.19,315.3
436,0.256331913,0.163142237,0,0.481627402,0.038353301,0,0.060545148,0,0,0,0,0,124.37,315.4
437,0.376235257,0.17843481,0.198119222,0,0.159308256,0,0.087902455,0,0,0,0,0,125.48,315.65
438,0.384080135,0.154534332,0.183590763,0,0.184737727,0,0.093057042,0,0,0,0,0,130.78,315.8
439,0.294017894,0.118589556,0.146950471,0.347348108,0.060113444,0,0.032980527,0,0,0,0,0,171.01,316
440,0.301305273,0.115232017,0.144327526,0.346616066,0.060606061,0,0.031913058,0,0,0,0,0,173.91,316.15
441,0.507825601,0.197503261,0.139649711,0,0.102105459,0,0.052915968,0,0,0,0,0,107.34,316.35
442,0.279489437,0.16659331,0.137544014,0.32790493,0.056227993,0,0.032240317,0,0,0,0,0,181.76,315.85
443,0.278610543,0.166712761,0.13839261,0.329221749,0.05603186,0,0.031030477,0,0,0,0,0,180.79,315.85
444,0.409185322,0.230786984,0.195938149,0,0.086391261,0,0.077698284,0,0,0,0,0,129.99,315.9
445,0.398919692,0.238382715,0.19882437,0,0.079593296,0,0.084279927,0,0,0,0,0,125.89,315.75
446,0.287256732,0.119701413,0.12110104,0.398027193,0.056584911,0,0.017328712,0,0,0,0,0,150.04,315.6
447,0.284192954,0.172058485,0.121862768,0.348031315,0.058484918,0,0.01536956,0,0,0,0,0,173.72,315.85
448,0.411568228,0.24610998,0.205539715,0,0.083095723,0,0.053686354,0,0,0,0,0,122.75,315.65
449,0.236834641,0.143802591,0.118653683,0.427247802,0.047461473,0,0.025999811,0,0,0,0,0,211.54,315.3
450,0.25746551,0.174922871,0.147039991,0.344141103,0.058967344,0,0.017463182,0,0,0,0,0,171.79,315.2
451,0.359506322,0.237525555,0.239191338,0,0.082001969,0,0.081774816,0,0,0,0,0,132.07,314.9
452,0.422964881,0.241867616,0.182634731,0,0.080433727,0,0.072099045,0,0,0,0,0,123.58,315.15
453,0.298026873,0.15119235,0.100411572,0.368720494,0.056107009,0,0.015494492,0,0,0.01004721,0,0,165.22,315.25
454,0.279508605,0.167173925,0.122406065,0.33678269,0.055337281,0,0.01383432,0,0,0.024957114,0,0,180.71,315.15
455,0.383221169,0.230728051,0.191419394,0,0.078464362,0,0.078387886,0,0,0.037779137,0,0,130.76,315.1
456,0.273715253,0.164600513,0.13805909,0.326361204,0.055704222,0,0.013980667,0,0,0.027579051,0,0,183.11,314.8
457,0.338653931,0.191604349,0.162005907,0.187896688,0.06648652,0,0.015773267,0,0,0.037579338,0,0,159.13,315.1
458,0.433081025,0.265697574,0.201961122,0,0.065628763,0,0.033631516,0,0,0,0,0,116.26,314.7
459,0.389357985,0.240282428,0.190129568,0,0.069078468,0,0.069733586,0,0,0.041417965,0,0,137.38,314.95
460,0.280187573,0.157359054,0.144942982,0.323670468,0.056112118,0,0.011297027,0,0,0.026430779,0,0,187.66,314.85
461,0.288151502,0.17353136,0.140790636,0.333038869,0.048862633,0,0.015625,0,0,0,0,0,181.12,314.75
462,0.364510614,0.247114974,0.167117823,0,0.077005271,0,0.074440804,0,0,0.069810514,0,0,140.38,314.65
463,0.268626403,0.162105826,0.135221807,0.318439337,0.060181721,0,0.02667023,0,0,0.028754677,0,0,187.1,314.75
464,0.300907846,0.152964447,0.126794137,0.30298727,0.052239184,0,0.038088959,0,0,0.026018157,0,0,197.17,314.95
465,0.389777336,0.229703879,0.193511363,0,0.076899533,0,0.070166042,0,0,0.039941847,0,0,130.69,314.95
466,0.432730332,0.231047539,0.193773664,0,0.058224653,0,0.084223812,0,0,0,0,0,118.85,314.9
467,0.272904167,0.163018215,0.135992649,0.32744176,0.056969894,0,0.028268742,0,0,0.015404573,0,0,185.01,314.95
468,0.279721054,0.169969006,0.139473102,0.293668364,0.060327651,0,0.027728581,0,0,0.029112243,0,0,180.68,314.875
469,0.384217335,0.228749715,0.194810136,0,0.0764021,0,0.07708698,0,0,0.038733734,0,0,131.41,314.925
470,0.328495436,0.197084127,0.164182045,0.195836343,0.068102712,0,0.013397255,0,0,0.032902082,0,0,152.27,315.215
471,0.397062326,0.238745534,0.19976181,0,0.079396586,0,0.041048035,0,0,0.043985709,0,0,125.95,314.9
472,0.381300328,0.228824933,0.188786162,0,0.067775127,0,0.095511482,0,0,0.037801968,0,0,134.12,314.9
473,0.379881909,0.238528847,0.182542506,0,0.073130825,0,0.08814114,0,0,0.037774774,0,0,140.57,314.695
474,0.325883152,0.204891304,0.1703125,0.202309783,0.068342391,0,0.02826087,0,0,0,0,0,147.2,315.5
475,0.398326943,0.209132102,0.117601952,0.166887417,0.070128965,0,0.037922621,0,0,0,0,0,143.45,315.4
476,0.333598146,0.198808342,0.168421053,0.197682886,0.06878517,0,0.032704403,0,0,0,0,0,151.05,315.15
477,0.342060524,0.205372322,0.170146209,0.202516151,0.072288337,0,0.007616457,0,0,0,0,0,147.05,315.15
478,0.333954975,0.200279739,0.16671107,0.198614626,0.067137338,0,0.033302251,0,0,0,0,0,150.14,315.25
479,0.336716569,0.195825933,0.166201472,0.193351941,0.061025121,0,0.032225324,0,0,0,0,0.014653641,157.64,315.25
480,0.322640806,0.192651996,0.164428696,0.183264951,0.075780182,0,0.033258734,0,0,0,0,0.027974636,160.86,315.35
481,0.477325523,0.313301687,0.05049995,0,0.10978689,0,0.025855974,0,0,0,0,0.023229977,99.01,315.55
482,0.445270988,0.284360609,0.246457669,0,0,0,0.023910733,0,0,0,0,0,112.92,315.45
483,0.309539104,0.260719448,0.160912157,0.236711097,0,0,0.032118195,0,0,0,0,0,124.54,315.3
484,0.394283507,0.161143299,0.171263036,0.233140209,0,0,0.04016995,0,0,0,0,0,129.45,315.2
485,0.352488112,0.233808854,0.173196705,0.200924252,0.022168642,0,0.017413435,0,0,0,0,0,149.31,315.35
486,0.319069117,0.194506263,0.164812107,0.191899281,0.072931901,0,0.033127742,0,0,0,0,0.023653589,157.27,315.4
487,0.397927136,0.231862437,0.202339824,0,0.086997487,0,0.041378769,0,0,0,0,0.039494347,127.36,315.2
488,0.323591347,0.193925085,0.170250782,0.191436411,0.086656882,0,0.034139493,0,0,0,0,0,156.71,315.4
489,0.364300999,0.188302425,0.150261531,0.178435568,0.062648597,0,0.044757489,0,0,0,0,0.01129339,168.24,315.5
490,0.415401212,0.250186706,0.209941084,0,0.083063646,0,0.041407352,0,0,0,0,0,120.51,315.45
491,0.426612903,0.280107527,0.19233871,0,0.067473118,0,0.033467742,0,0,0,0,0,74.4,315.15
492,0.848574822,0,0,0,0,0,0.151425178,0,0,0,0,0,16.84,315.05
493,0.271454064,0.164170227,0.13653815,0.329097496,0.060076786,0,0.027361704,0,0,0,0,0.011301574,184.93,315.1
494,0.406660893,0.236753012,0.206991575,0,0.078891426,0,0.041414062,0,0,0,0,0.029289032,127.01,314.95
495,0.273538696,0.163764014,0.137748993,0.331446609,0.05649287,0,0.027430064,0,0,0,0,0.009578753,183.74,315.2
496,0.27411334,0.164872397,0.13902399,0.330837751,0.054866386,0,0.028034319,0,0,0,0,0.008251817,182.99,315.2
497,0.236353352,0.14268879,0.118836617,0.428773451,0.049637032,0,0.023710757,0,0,0,0,0,212.14,316
498,0.298554334,0.163354811,0.135686827,0.320753695,0.054523797,0,0.027126536,0,0,0,0,0,184.69,316.25
499,0.400476758,0.238537942,0.224553039,0,0.080333731,0,0.039809297,0,0,0,0,0.016289233,125.85,316.55
500,0.439936579,0.238201828,0.169930983,0,0.089815333,0,0.047099422,0,0,0,0,0.015015855,107.22,316.65
